{"cameraMode":{"drawMode":0,"name":"Shaded","section":"Shading Mode"},"sceneLighting":true,"audioPlay":false,"sceneViewState":{"showFog":false,"showMaterialUpdate":false,"showSkybox":false,"showFlares":false,"showImageEffects":false,"showParticleSystems":true},"in2DMode":false,"pivot":{"x":-0.03855229914188385,"y":-0.06460303068161011,"z":-0.001216605305671692},"rotation":{"x":-0.21954366564750672,"y":0.7644596695899963,"z":-0.508323609828949,"w":-0.33016902208328249},"size":0.3521912693977356,"orthographic":false}