{"cameraMode":{"drawMode":0,"name":"Shaded","section":"Shading Mode"},"sceneLighting":true,"audioPlay":false,"sceneViewState":{"showFog":false,"showMaterialUpdate":false,"showSkybox":false,"showFlares":false,"showImageEffects":false,"showParticleSystems":true},"in2DMode":false,"pivot":{"x":0.013725001364946366,"y":0.0328500010073185,"z":0.0},"rotation":{"x":-0.21027101576328278,"y":0.7886891961097717,"z":-0.43066808581352236,"w":-0.3850734233856201},"size":0.1339293122291565,"orthographic":false}